fact_key,orderid,date,shipped,delivered,source,c_ref,e_ref,revenue,customer_key,employee_key
1,10248,1996-07-04 00:00:00,1996-07-16,1,sql,VINET,5,440.0,115,18
2,10249,1996-07-05 00:00:00,1996-07-10,1,sql,TOMSP,6,1863.4,109,12
3,10250,1996-07-08 00:00:00,1996-07-12,1,sql,HANAR,4,1813.0,64,10
4,10251,1996-07-08 00:00:00,1996-07-15,1,sql,VICTE,3,670.8,114,6
5,10252,1996-07-09 00:00:00,1996-07-11,1,sql,SUPRD,4,3730.0,106,10
6,10253,1996-07-10 00:00:00,1996-07-16,1,sql,HANAR,3,1444.8000000000002,64,6
7,10254,1996-07-11 00:00:00,1996-07-23,1,sql,CHOPS,5,625.2,14,18
8,10255,1996-07-12 00:00:00,1996-07-15,1,sql,RICSU,9,2490.5,98,4
9,10256,1996-07-15 00:00:00,1996-07-17,1,sql,WELLI,3,517.8,117,6
10,10257,1996-07-16 00:00:00,1996-07-22,1,sql,HILAA,4,1119.9,65,10
11,10258,1996-07-17 00:00:00,1996-07-23,1,sql,ERNSH,1,2018.6,50,14
12,10259,1996-07-18 00:00:00,1996-07-25,1,sql,CENTC,4,100.8,13,10
13,10260,1996-07-19 00:00:00,1996-07-29,1,sql,OTTIK,4,1746.2,86,10
14,10261,1996-07-19 00:00:00,1996-07-30,1,sql,QUEDE,4,448.0,91,10
15,10262,1996-07-22 00:00:00,1996-07-25,1,sql,RATTC,8,624.8,95,8
16,10263,1996-07-23 00:00:00,1996-07-31,1,sql,ERNSH,9,2464.8,50,4
17,10264,1996-07-24 00:00:00,1996-08-23,1,sql,FOLKO,6,724.5,54,12
18,10265,1996-07-25 00:00:00,1996-08-12,1,sql,BLONP,2,1176.0,9,2
19,10266,1996-07-26 00:00:00,1996-07-31,1,sql,WARTH,3,364.79999999999995,116,6
20,10267,1996-07-29 00:00:00,1996-08-06,1,sql,FRANK,4,4031.0,57,10
21,10268,1996-07-30 00:00:00,1996-08-02,1,sql,GROSR,8,1101.2,63,8
22,10269,1996-07-31 00:00:00,1996-08-09,1,sql,WHITC,5,676.0,118,18
23,10270,1996-08-01 00:00:00,1996-08-02,1,sql,WARTH,1,1376.0,116,14
24,10271,1996-08-01 00:00:00,1996-08-30,1,sql,SPLIR,6,48.0,105,12
25,10272,1996-08-02 00:00:00,1996-08-06,1,sql,RATTC,6,1456.0,95,12
26,10273,1996-08-05 00:00:00,1996-08-12,1,sql,QUICK,3,2142.4,93,6
27,10274,1996-08-06 00:00:00,1996-08-16,1,sql,VINET,6,538.6,115,12
28,10275,1996-08-07 00:00:00,1996-08-09,1,sql,MAGAA,1,307.2,80,14
29,10276,1996-08-08 00:00:00,1996-08-14,1,sql,TORTU,8,420.0,110,8
30,10277,1996-08-09 00:00:00,1996-08-13,1,sql,MORGK,2,1200.8,82,2
31,10278,1996-08-12 00:00:00,1996-08-16,1,sql,BERGS,8,1488.8,7,8
32,10279,1996-08-13 00:00:00,1996-08-16,1,sql,LEHMS,8,468.0,74,8
33,10280,1996-08-14 00:00:00,1996-09-12,1,sql,BERGS,2,613.2,7,2
34,10281,1996-08-14 00:00:00,1996-08-21,1,sql,ROMEY,4,86.5,99,10
35,10282,1996-08-15 00:00:00,1996-08-21,1,sql,ROMEY,4,155.39999999999998,99,10
36,10283,1996-08-16 00:00:00,1996-08-23,1,sql,LILAS,3,1414.8,76,6
37,10284,1996-08-19 00:00:00,1996-08-27,1,sql,LEHMS,4,1452.0,74,10
38,10285,1996-08-20 00:00:00,1996-08-26,1,sql,QUICK,1,2179.2,93,14
39,10286,1996-08-21 00:00:00,1996-08-30,1,sql,QUICK,8,3016.0,93,8
40,10287,1996-08-22 00:00:00,1996-08-28,1,sql,RICAR,8,924.0,97,8
41,10288,1996-08-23 00:00:00,1996-09-03,1,sql,REGGC,4,89.0,96,10
42,10289,1996-08-26 00:00:00,1996-08-28,1,sql,BSBEV,7,479.4,5,16
43,10290,1996-08-27 00:00:00,1996-09-03,1,sql,COMMI,8,2169.0,15,8
44,10291,1996-08-27 00:00:00,1996-09-04,1,sql,QUEDE,6,552.8,91,12
45,10292,1996-08-28 00:00:00,1996-09-02,1,sql,TRADH,1,1296.0,111,14
46,10293,1996-08-29 00:00:00,1996-09-11,1,sql,TORTU,1,848.7,110,14
47,10294,1996-08-30 00:00:00,1996-09-05,1,sql,RATTC,4,1887.6,95,10
48,10295,1996-09-02 00:00:00,1996-09-10,1,sql,VINET,2,121.6,115,2
49,10296,1996-09-03 00:00:00,1996-09-11,1,sql,LILAS,6,1050.6,76,12
50,10297,1996-09-04 00:00:00,1996-09-10,1,sql,BLONP,5,1420.0,9,18
51,10298,1996-09-05 00:00:00,1996-09-11,1,sql,HUNGO,6,3127.0,67,12
52,10299,1996-09-06 00:00:00,1996-09-13,1,sql,RICAR,4,349.5,97,10
53,10300,1996-09-09 00:00:00,1996-09-18,1,sql,MAGAA,2,608.0,80,2
54,10301,1996-09-09 00:00:00,1996-09-17,1,sql,WANDK,8,755.0,46,8
55,10302,1996-09-10 00:00:00,1996-10-09,1,sql,SUPRD,4,2708.7999999999997,106,10
56,10303,1996-09-11 00:00:00,1996-09-18,1,sql,GODOS,7,1242.0,60,16
57,10304,1996-09-12 00:00:00,1996-09-17,1,sql,TORTU,1,954.4,110,14
58,10305,1996-09-13 00:00:00,1996-10-09,1,sql,OLDWO,8,4157.0,85,8
59,10306,1996-09-16 00:00:00,1996-09-23,1,sql,ROMEY,1,498.5,99,14
60,10307,1996-09-17 00:00:00,1996-09-25,1,sql,LONEP,2,424.0,78,2
61,10308,1996-09-18 00:00:00,1996-09-24,1,sql,ANATR,7,88.8,2,16
62,10309,1996-09-19 00:00:00,1996-10-23,1,sql,HUNGO,3,1762.0,67,6
63,10310,1996-09-20 00:00:00,1996-09-27,1,sql,THEBI,8,336.0,107,8
64,10311,1996-09-20 00:00:00,1996-09-26,1,sql,DUMON,1,268.79999999999995,48,14
65,10312,1996-09-23 00:00:00,1996-10-03,1,sql,WANDK,2,1614.8,46,2
66,10313,1996-09-24 00:00:00,1996-10-04,1,sql,QUICK,2,182.39999999999998,93,2
67,10314,1996-09-25 00:00:00,1996-10-04,1,sql,RATTC,1,2327.0,95,14
68,10315,1996-09-26 00:00:00,1996-10-03,1,sql,ISLAT,4,516.8,68,10
69,10316,1996-09-27 00:00:00,1996-10-08,1,sql,RATTC,1,2835.0,95,14
70,10317,1996-09-30 00:00:00,1996-10-10,1,sql,LONEP,6,288.0,78,12
71,10318,1996-10-01 00:00:00,1996-10-04,1,sql,ISLAT,8,240.4,68,8
72,10319,1996-10-02 00:00:00,1996-10-11,1,sql,TORTU,7,1191.2,110,16
73,10320,1996-10-03 00:00:00,1996-10-18,1,sql,WARTH,5,516.0,116,18
74,10321,1996-10-03 00:00:00,1996-10-11,1,sql,ISLAT,3,144.0,68,6
75,10322,1996-10-04 00:00:00,1996-10-23,1,sql,PERIC,7,112.0,88,16
76,10323,1996-10-07 00:00:00,1996-10-14,1,sql,KOENE,4,164.4,69,10
77,10324,1996-10-08 00:00:00,1996-10-10,1,sql,SAVEA,9,6155.9,101,4
78,10325,1996-10-09 00:00:00,1996-10-14,1,sql,KOENE,1,1497.0,69,14
79,10326,1996-10-10 00:00:00,1996-10-14,1,sql,BOLID,4,982.0,6,10
80,10327,1996-10-11 00:00:00,1996-10-14,1,sql,FOLKO,2,2262.5,54,2
81,10328,1996-10-14 00:00:00,1996-10-17,1,sql,FURIB,4,1168.0,58,10
82,10329,1996-10-15 00:00:00,1996-10-23,1,sql,SPLIR,4,4819.400000000001,105,10
83,10330,1996-10-16 00:00:00,1996-10-28,1,sql,LILAS,3,1940.0,76,6
84,10331,1996-10-16 00:00:00,1996-10-21,1,sql,BONAP,9,88.5,10,4
85,10332,1996-10-17 00:00:00,1996-10-21,1,sql,MEREP,3,2233.6,79,6
86,10333,1996-10-18 00:00:00,1996-10-25,1,sql,WARTH,5,954.0,116,18
87,10334,1996-10-21 00:00:00,1996-10-28,1,sql,VICTE,8,144.8,114,8
88,10335,1996-10-22 00:00:00,1996-10-24,1,sql,HUNGO,7,2545.2,67,16
89,10336,1996-10-23 00:00:00,1996-10-25,1,sql,PRINI,7,316.8,90,16
90,10337,1996-10-24 00:00:00,1996-10-29,1,sql,FRANK,4,2467.0,57,10
91,10338,1996-10-25 00:00:00,1996-10-29,1,sql,OLDWO,4,934.5,85,10
92,10339,1996-10-28 00:00:00,1996-11-04,1,sql,MEREP,2,3463.2,79,2
93,10340,1996-10-29 00:00:00,1996-11-08,1,sql,BONAP,1,2564.4,10,14
94,10341,1996-10-29 00:00:00,1996-11-05,1,sql,SIMOB,7,412.0,103,16
95,10342,1996-10-30 00:00:00,1996-11-04,1,sql,FRANK,4,2300.8,57,10
96,10343,1996-10-31 00:00:00,1996-11-06,1,sql,LEHMS,4,1586.0,74,10
97,10344,1996-11-01 00:00:00,1996-11-05,1,sql,WHITC,4,2856.0,118,10
98,10345,1996-11-04 00:00:00,1996-11-11,1,sql,QUICK,2,2924.8,93,2
99,10346,1996-11-05 00:00:00,1996-11-08,1,sql,RATTC,3,1731.2,95,6
100,10347,1996-11-06 00:00:00,1996-11-08,1,sql,FAMIA,4,928.0,51,10
101,10348,1996-11-07 00:00:00,1996-11-15,1,sql,WANDK,4,396.0,46,10
102,10349,1996-11-08 00:00:00,1996-11-15,1,sql,SPLIR,7,141.60000000000002,105,16
103,10350,1996-11-11 00:00:00,1996-12-03,1,sql,LAMAI,6,713.4,71,12
104,10351,1996-11-11 00:00:00,1996-11-20,1,sql,ERNSH,1,5677.6,50,14
105,10352,1996-11-12 00:00:00,1996-11-18,1,sql,FURIB,3,154.0,58,6
106,10353,1996-11-13 00:00:00,1996-11-25,1,sql,PICCO,7,10741.6,89,16
107,10354,1996-11-14 00:00:00,1996-11-20,1,sql,PERIC,8,568.8,88,8
108,10355,1996-11-15 00:00:00,1996-11-20,1,sql,AROUT,6,480.0,4,12
109,10356,1996-11-18 00:00:00,1996-11-27,1,sql,WANDK,6,1106.4,46,12
110,10357,1996-11-19 00:00:00,1996-12-02,1,sql,LILAS,1,1360.0,76,14
111,10358,1996-11-20 00:00:00,1996-11-27,1,sql,LAMAI,5,452.0,71,18
112,10359,1996-11-21 00:00:00,1996-11-26,1,sql,SEVES,5,3654.4,102,18
113,10360,1996-11-22 00:00:00,1996-12-02,1,sql,BLONP,4,7390.2,9,10
114,10361,1996-11-22 00:00:00,1996-12-03,1,sql,QUICK,1,2273.6,93,14
115,10362,1996-11-25 00:00:00,1996-11-28,1,sql,BONAP,3,1549.6,10,6
116,10363,1996-11-26 00:00:00,1996-12-04,1,sql,DRACD,4,447.20000000000005,47,10
117,10364,1996-11-26 00:00:00,1996-12-04,1,sql,EASTC,1,950.0,49,14
118,10365,1996-11-27 00:00:00,1996-12-02,1,sql,ANTON,3,403.20000000000005,3,6
119,10366,1996-11-28 00:00:00,1996-12-30,1,sql,GALED,8,136.0,59,8
120,10367,1996-11-28 00:00:00,1996-12-02,1,sql,VAFFE,7,834.1999999999999,113,16
121,10368,1996-11-29 00:00:00,1996-12-02,1,sql,ERNSH,2,1834.2,50,2
122,10369,1996-12-02 00:00:00,1996-12-09,1,sql,SPLIR,8,2527.2,105,8
123,10370,1996-12-03 00:00:00,1996-12-27,1,sql,CHOPS,6,1174.0,14,12
124,10371,1996-12-03 00:00:00,1996-12-24,1,sql,LAMAI,1,91.19999999999999,71,14
125,10372,1996-12-04 00:00:00,1996-12-09,1,sql,QUEEN,5,12281.2,92,18
126,10373,1996-12-05 00:00:00,1996-12-11,1,sql,HUNGO,4,1708.0,67,10
127,10374,1996-12-05 00:00:00,1996-12-09,1,sql,WOLZA,1,459.0,120,14
128,10375,1996-12-06 00:00:00,1996-12-09,1,sql,HUNGC,3,338.0,66,6
129,10376,1996-12-09 00:00:00,1996-12-13,1,sql,MEREP,1,420.0,79,14
130,10377,1996-12-09 00:00:00,1996-12-13,1,sql,SEVES,1,1016.0,102,14
131,10378,1996-12-10 00:00:00,1996-12-19,1,sql,FOLKO,5,103.19999999999999,54,18
132,10379,1996-12-11 00:00:00,1996-12-13,1,sql,QUEDE,2,959.2,91,2
133,10380,1996-12-12 00:00:00,1997-01-16,1,sql,HUNGO,8,1419.8,67,8
134,10381,1996-12-12 00:00:00,1996-12-13,1,sql,LILAS,3,112.0,76,6
135,10382,1996-12-13 00:00:00,1996-12-16,1,sql,ERNSH,4,2900.0,50,10
136,10383,1996-12-16 00:00:00,1996-12-18,1,sql,AROUT,8,899.0,4,8
137,10384,1996-12-16 00:00:00,1996-12-20,1,sql,BERGS,3,2222.3999999999996,7,6
138,10385,1996-12-17 00:00:00,1996-12-23,1,sql,SPLIR,1,864.0,105,14
139,10386,1996-12-18 00:00:00,1996-12-25,1,sql,FAMIA,9,166.0,51,4
140,10387,1996-12-18 00:00:00,1996-12-20,1,sql,SANTG,1,1058.4,100,14
141,10388,1996-12-19 00:00:00,1996-12-20,1,sql,SEVES,2,1274.0,102,2
142,10389,1996-12-20 00:00:00,1996-12-24,1,sql,BOTTM,4,1832.8,11,10
143,10390,1996-12-23 00:00:00,1996-12-26,1,sql,ERNSH,6,2275.2,50,12
144,10391,1996-12-23 00:00:00,1996-12-31,1,sql,DRACD,3,86.39999999999999,47,6
145,10392,1996-12-24 00:00:00,1997-01-01,1,sql,PICCO,2,1440.0,89,2
146,10393,1996-12-25 00:00:00,1997-01-03,1,sql,SAVEA,1,3302.6000000000004,101,14
147,10394,1996-12-25 00:00:00,1997-01-03,1,sql,HUNGC,1,442.0,66,14
148,10395,1996-12-26 00:00:00,1997-01-03,1,sql,HILAA,6,2333.2,65,12
149,10396,1996-12-27 00:00:00,1997-01-06,1,sql,FRANK,1,1903.8000000000002,57,14
150,10397,1996-12-27 00:00:00,1997-01-02,1,sql,PRINI,5,843.1999999999999,90,18
151,10398,1996-12-30 00:00:00,1997-01-09,1,sql,SAVEA,2,2736.0,101,2
152,10399,1996-12-31 00:00:00,1997-01-08,1,sql,VAFFE,8,1765.6,113,8
153,10400,1997-01-01 00:00:00,1997-01-16,1,sql,EASTC,1,3063.0,49,14
154,10401,1997-01-01 00:00:00,1997-01-10,1,sql,RATTC,1,3868.6,95,14
155,10402,1997-01-02 00:00:00,1997-01-10,1,sql,ERNSH,8,2713.5,50,8
156,10403,1997-01-03 00:00:00,1997-01-09,1,sql,ERNSH,4,1005.9000000000001,50,10
157,10404,1997-01-03 00:00:00,1997-01-08,1,sql,MAGAA,2,1675.0,80,2
158,10405,1997-01-06 00:00:00,1997-01-22,1,sql,LINOD,1,400.0,77,14
159,10406,1997-01-07 00:00:00,1997-01-13,1,sql,QUEEN,7,2018.2,92,16
160,10407,1997-01-07 00:00:00,1997-01-30,1,sql,OTTIK,2,1194.0,86,2
161,10408,1997-01-08 00:00:00,1997-01-14,1,sql,FOLIG,8,1622.4,53,8
162,10409,1997-01-09 00:00:00,1997-01-14,1,sql,OCEAN,3,319.20000000000005,84,6
163,10410,1997-01-10 00:00:00,1997-01-15,1,sql,BOTTM,3,802.0,11,6
164,10411,1997-01-10 00:00:00,1997-01-21,1,sql,BOTTM,9,1208.5,11,4
165,10412,1997-01-13 00:00:00,1997-01-15,1,sql,WARTH,8,372.0,116,8
166,10413,1997-01-14 00:00:00,1997-01-16,1,sql,LAMAI,3,2123.2,71,6
167,10414,1997-01-14 00:00:00,1997-01-17,1,sql,FAMIA,2,231.4,51,2
168,10415,1997-01-15 00:00:00,1997-01-24,1,sql,HUNGC,3,102.4,66,6
169,10416,1997-01-16 00:00:00,1997-01-27,1,sql,WARTH,8,720.0,116,8
170,10417,1997-01-16 00:00:00,1997-01-28,1,sql,SIMOB,4,11283.2,103,10
171,10418,1997-01-17 00:00:00,1997-01-24,1,sql,QUICK,4,1814.8,93,10
172,10419,1997-01-20 00:00:00,1997-01-30,1,sql,RICSU,4,2208.0,98,10
173,10420,1997-01-21 00:00:00,1997-01-27,1,sql,WELLI,3,1897.6,117,6
174,10421,1997-01-21 00:00:00,1997-01-27,1,sql,QUEDE,8,1273.2,91,8
175,10422,1997-01-22 00:00:00,1997-01-31,1,sql,FRANS,2,49.8,56,2
176,10423,1997-01-23 00:00:00,1997-02-24,1,sql,GOURL,6,1020.0,61,12
177,10424,1997-01-23 00:00:00,1997-01-27,1,sql,MEREP,7,11493.2,79,16
178,10425,1997-01-24 00:00:00,1997-02-14,1,sql,LAMAI,6,480.0,71,12
179,10426,1997-01-27 00:00:00,1997-02-06,1,sql,GALED,4,338.20000000000005,59,10
180,10427,1997-01-27 00:00:00,1997-03-03,1,sql,PICCO,4,651.0,89,10
181,10428,1997-01-28 00:00:00,1997-02-04,1,sql,REGGC,7,192.0,96,16
182,10429,1997-01-29 00:00:00,1997-02-07,1,sql,HUNGO,3,1748.5,67,6
183,10430,1997-01-30 00:00:00,1997-02-03,1,sql,ERNSH,4,5796.0,50,10
184,10431,1997-01-30 00:00:00,1997-02-07,1,sql,BOTTM,4,2523.0,11,10
185,10432,1997-01-31 00:00:00,1997-02-07,1,sql,SPLIR,3,485.0,105,6
186,10433,1997-02-03 00:00:00,1997-03-04,1,sql,PRINI,3,851.1999999999999,90,6
187,10434,1997-02-03 00:00:00,1997-02-13,1,sql,FOLKO,3,360.0,54,6
188,10435,1997-02-04 00:00:00,1997-02-07,1,sql,CONSH,8,631.6,45,8
189,10436,1997-02-05 00:00:00,1997-02-11,1,sql,BLONP,3,2210.8,9,6
190,10437,1997-02-05 00:00:00,1997-02-12,1,sql,WARTH,8,393.0,116,8
191,10438,1997-02-06 00:00:00,1997-02-14,1,sql,TOMSP,3,567.5,109,6
192,10439,1997-02-07 00:00:00,1997-02-10,1,sql,MEREP,6,1078.0,79,12
193,10440,1997-02-10 00:00:00,1997-02-28,1,sql,SAVEA,4,5793.1,101,10
194,10441,1997-02-10 00:00:00,1997-03-14,1,sql,OLDWO,3,1755.0,85,6
195,10442,1997-02-11 00:00:00,1997-02-18,1,sql,ERNSH,3,1792.0,50,6
196,10443,1997-02-12 00:00:00,1997-02-14,1,sql,REGGC,8,537.5999999999999,96,8
197,10444,1997-02-12 00:00:00,1997-02-21,1,sql,BERGS,3,1031.7,7,6
198,10445,1997-02-13 00:00:00,1997-02-20,1,sql,BERGS,3,174.9,7,6
199,10446,1997-02-14 00:00:00,1997-02-19,1,sql,TOMSP,6,273.6,109,12
200,10447,1997-02-14 00:00:00,1997-03-07,1,sql,RICAR,4,914.4,97,10
201,10448,1997-02-17 00:00:00,1997-02-24,1,sql,RANCH,4,443.4,94,10
202,10449,1997-02-18 00:00:00,1997-02-27,1,sql,BLONP,3,1838.2,9,6
203,10450,1997-02-19 00:00:00,1997-03-11,1,sql,VICTE,8,531.4,114,8
204,10451,1997-02-19 00:00:00,1997-03-12,1,sql,QUICK,4,4277.4,93,10
205,10452,1997-02-20 00:00:00,1997-02-26,1,sql,SAVEA,8,2096.0,101,8
206,10453,1997-02-21 00:00:00,1997-02-26,1,sql,AROUT,1,453.0,4,14
207,10454,1997-02-21 00:00:00,1997-02-25,1,sql,LAMAI,4,414.0,71,10
208,10455,1997-02-24 00:00:00,1997-03-03,1,sql,WARTH,8,2684.0,116,8
209,10456,1997-02-25 00:00:00,1997-02-28,1,sql,KOENE,8,656.0,69,8
210,10457,1997-02-25 00:00:00,1997-03-03,1,sql,KOENE,2,1584.0,69,2
211,10458,1997-02-26 00:00:00,1997-03-04,1,sql,SUPRD,7,3891.0,106,16
212,10459,1997-02-27 00:00:00,1997-02-28,1,sql,VICTE,4,1688.0,114,10
213,10460,1997-02-28 00:00:00,1997-03-03,1,sql,FOLKO,8,234.8,54,8
214,10461,1997-02-28 00:00:00,1997-03-05,1,sql,LILAS,1,2051.6,76,14
215,10462,1997-03-03 00:00:00,1997-03-18,1,sql,CONSH,2,156.00000000000003,45,2
216,10463,1997-03-04 00:00:00,1997-03-06,1,sql,SUPRD,5,713.3,106,18
217,10464,1997-03-04 00:00:00,1997-03-14,1,sql,FURIB,4,1848.0,58,10
218,10465,1997-03-05 00:00:00,1997-03-14,1,sql,VAFFE,1,2719.0,113,14
219,10466,1997-03-06 00:00:00,1997-03-13,1,sql,COMMI,4,216.0,15,10
220,10467,1997-03-06 00:00:00,1997-03-11,1,sql,MAGAA,8,235.2,80,8
221,10468,1997-03-07 00:00:00,1997-03-12,1,sql,KOENE,3,717.6,69,6
222,10469,1997-03-10 00:00:00,1997-03-14,1,sql,WHITC,1,1125.5,118,14
223,10470,1997-03-11 00:00:00,1997-03-14,1,sql,BONAP,4,1820.8,10,10
224,10471,1997-03-11 00:00:00,1997-03-18,1,sql,BSBEV,2,1328.0,5,2
225,10472,1997-03-12 00:00:00,1997-03-19,1,sql,SEVES,8,1051.1999999999998,102,8
226,10473,1997-03-13 00:00:00,1997-03-21,1,sql,ISLAT,1,230.39999999999998,68,14
227,10474,1997-03-13 00:00:00,1997-03-21,1,sql,PERIC,5,1249.1,88,18
228,10475,1997-03-14 00:00:00,1997-04-04,1,sql,SUPRD,9,1770.8000000000002,106,4
229,10476,1997-03-17 00:00:00,1997-03-24,1,sql,HILAA,8,182.4,65,8
230,10477,1997-03-17 00:00:00,1997-03-25,1,sql,PRINI,5,672.0,90,18
231,10478,1997-03-18 00:00:00,1997-03-26,1,sql,VICTE,2,496.0,114,2
232,10479,1997-03-19 00:00:00,1997-03-21,1,sql,RATTC,3,10495.6,95,6
233,10480,1997-03-20 00:00:00,1997-03-24,1,sql,FOLIG,6,756.0,53,12
234,10481,1997-03-20 00:00:00,1997-03-25,1,sql,RICAR,8,1472.0,97,8
235,10482,1997-03-21 00:00:00,1997-04-10,1,sql,LAZYK,1,147.0,73,14
236,10483,1997-03-24 00:00:00,1997-04-25,1,sql,WHITC,7,704.0,118,16
237,10484,1997-03-24 00:00:00,1997-04-01,1,sql,BSBEV,3,386.2,5,6
238,10485,1997-03-25 00:00:00,1997-03-31,1,sql,LINOD,4,1760.0,77,10
239,10486,1997-03-26 00:00:00,1997-04-02,1,sql,HILAA,1,1272.0,65,14
240,10487,1997-03-26 00:00:00,1997-03-28,1,sql,QUEEN,2,925.1,92,2
241,10488,1997-03-27 00:00:00,1997-04-02,1,sql,FRANK,8,1560.0,57,8
242,10489,1997-03-28 00:00:00,1997-04-09,1,sql,PICCO,6,502.20000000000005,89,12
243,10490,1997-03-31 00:00:00,1997-04-03,1,sql,HILAA,7,3163.2,65,16
244,10491,1997-03-31 00:00:00,1997-04-08,1,sql,FURIB,8,305.3,58,8
245,10492,1997-04-01 00:00:00,1997-04-11,1,sql,BOTTM,3,896.0,11,6
246,10493,1997-04-02 00:00:00,1997-04-10,1,sql,LAMAI,4,676.0,71,10
247,10494,1997-04-02 00:00:00,1997-04-09,1,sql,COMMI,4,912.0,15,10
248,10495,1997-04-03 00:00:00,1997-04-11,1,sql,LAUGB,3,278.0,72,6
249,10496,1997-04-04 00:00:00,1997-04-07,1,sql,TRADH,7,200.0,111,16
250,10497,1997-04-04 00:00:00,1997-04-07,1,sql,LEHMS,7,1380.6,74,16
251,10498,1997-04-07 00:00:00,1997-04-11,1,sql,HILAA,8,575.0,65,8
252,10499,1997-04-08 00:00:00,1997-04-16,1,sql,LILAS,4,1412.0,76,10
253,10500,1997-04-09 00:00:00,1997-04-17,1,sql,LAMAI,6,550.8,71,12
254,10501,1997-04-09 00:00:00,1997-04-16,1,sql,BLAUS,9,149.0,8,4
255,10502,1997-04-10 00:00:00,1997-04-29,1,sql,PERIC,2,816.3,88,2
256,10503,1997-04-11 00:00:00,1997-04-16,1,sql,HUNGO,6,2048.5,67,12
257,10504,1997-04-11 00:00:00,1997-04-18,1,sql,WHITC,4,1388.5,118,10
258,10505,1997-04-14 00:00:00,1997-04-21,1,sql,MEREP,3,147.89999999999998,79,6
259,10506,1997-04-15 00:00:00,1997-05-02,1,sql,KOENE,9,462.0,69,4
260,10507,1997-04-15 00:00:00,1997-04-22,1,sql,ANTON,7,881.25,3,16
261,10508,1997-04-16 00:00:00,1997-05-13,1,sql,OTTIK,1,240.0,86,14
262,10509,1997-04-17 00:00:00,1997-04-29,1,sql,BLAUS,4,136.8,8,10
263,10510,1997-04-18 00:00:00,1997-04-28,1,sql,SAVEA,6,4735.4400000000005,101,12
264,10511,1997-04-18 00:00:00,1997-04-21,1,sql,BONAP,4,3000.0,10,10
265,10512,1997-04-21 00:00:00,1997-04-24,1,sql,FAMIA,7,618.0,51,16
266,10513,1997-04-22 00:00:00,1997-04-28,1,sql,WANDK,7,2427.5,46,16
267,10514,1997-04-22 00:00:00,1997-05-16,1,sql,ERNSH,3,8623.45,50,6
268,10515,1997-04-23 00:00:00,1997-05-23,1,sql,QUICK,2,10588.5,93,2
269,10516,1997-04-24 00:00:00,1997-05-01,1,sql,HUNGO,2,2614.5,67,2
270,10517,1997-04-24 00:00:00,1997-04-29,1,sql,NORTS,3,352.0,83,6
271,10518,1997-04-25 00:00:00,1997-05-05,1,sql,TORTU,4,4150.05,110,10
272,10519,1997-04-28 00:00:00,1997-05-01,1,sql,CHOPS,6,2356.0,14,12
273,10520,1997-04-29 00:00:00,1997-05-01,1,sql,SANTG,7,200.0,100,16
274,10521,1997-04-29 00:00:00,1997-05-02,1,sql,CACTU,8,225.5,12,8
275,10522,1997-04-30 00:00:00,1997-05-06,1,sql,LEHMS,4,2657.7999999999997,74,10
276,10523,1997-05-01 00:00:00,1997-05-30,1,sql,SEVES,7,2715.9,102,16
277,10524,1997-05-01 00:00:00,1997-05-07,1,sql,BERGS,1,3192.65,7,14
278,10525,1997-05-02 00:00:00,1997-05-23,1,sql,BONAP,1,846.0,10,14
279,10526,1997-05-05 00:00:00,1997-05-15,1,sql,WARTH,4,1344.0,116,10
280,10527,1997-05-05 00:00:00,1997-05-07,1,sql,QUICK,7,1670.0,93,16
281,10528,1997-05-06 00:00:00,1997-05-09,1,sql,GREAL,6,396.2,62,12
282,10529,1997-05-07 00:00:00,1997-05-09,1,sql,MAISD,5,946.0,81,18
283,10530,1997-05-08 00:00:00,1997-05-12,1,sql,PICCO,3,4180.0,89,6
284,10531,1997-05-08 00:00:00,1997-05-19,1,sql,OCEAN,7,110.0,84,16
285,10532,1997-05-09 00:00:00,1997-05-12,1,sql,EASTC,7,796.35,49,16
286,10533,1997-05-12 00:00:00,1997-05-22,1,sql,FOLKO,8,2295.2,54,8
287,10534,1997-05-12 00:00:00,1997-05-14,1,sql,LEHMS,8,517.4,74,8
288,10535,1997-05-13 00:00:00,1997-05-21,1,sql,ANTON,4,2156.5,3,10
289,10536,1997-05-14 00:00:00,1997-06-06,1,sql,LEHMS,3,2085.0,74,6
290,10537,1997-05-14 00:00:00,1997-05-19,1,sql,RICSU,1,1823.8,98,14
291,10538,1997-05-15 00:00:00,1997-05-16,1,sql,BSBEV,9,139.8,5,4
292,10539,1997-05-16 00:00:00,1997-05-23,1,sql,BSBEV,6,355.5,5,12
293,10540,1997-05-19 00:00:00,1997-06-13,1,sql,QUICK,3,10191.7,93,6
294,10541,1997-05-19 00:00:00,1997-05-29,1,sql,HANAR,2,2162.8,64,2
295,10542,1997-05-20 00:00:00,1997-05-26,1,sql,KOENE,1,493.8,69,14
296,10543,1997-05-21 00:00:00,1997-05-23,1,sql,LILAS,8,1770.0,76,8
297,10544,1997-05-21 00:00:00,1997-05-30,1,sql,LONEP,4,417.2,78,10
298,10545,1997-05-22 00:00:00,1997-06-26,1,sql,LAZYK,8,210.0,73,8
299,10546,1997-05-23 00:00:00,1997-05-27,1,sql,VICTE,1,2812.0,114,14
300,10547,1997-05-23 00:00:00,1997-06-02,1,sql,SEVES,3,1908.0,102,6
301,10548,1997-05-26 00:00:00,1997-06-02,1,sql,TOMSP,3,275.1,109,6
302,10549,1997-05-27 00:00:00,1997-05-30,1,sql,QUICK,5,4181.5,93,18
303,10550,1997-05-28 00:00:00,1997-06-06,1,sql,GODOS,7,749.0,60,16
304,10551,1997-05-28 00:00:00,1997-06-06,1,sql,FURIB,4,1836.0,58,10
305,10552,1997-05-29 00:00:00,1997-06-05,1,sql,HILAA,2,880.5,65,2
306,10553,1997-05-30 00:00:00,1997-06-03,1,sql,WARTH,2,1546.3,116,2
307,10554,1997-05-30 00:00:00,1997-06-05,1,sql,OTTIK,4,1819.5,86,10
308,10555,1997-06-02 00:00:00,1997-06-04,1,sql,SAVEA,6,3680.5,101,12
309,10556,1997-06-03 00:00:00,1997-06-13,1,sql,SIMOB,2,835.1999999999999,103,2
310,10557,1997-06-03 00:00:00,1997-06-06,1,sql,LEHMS,9,1152.5,74,4
311,10558,1997-06-04 00:00:00,1997-06-10,1,sql,AROUT,1,2142.9,4,14
312,10559,1997-06-05 00:00:00,1997-06-13,1,sql,BLONP,6,547.8,9,12
313,10560,1997-06-06 00:00:00,1997-06-09,1,sql,FRANK,8,1257.3,57,8
314,10561,1997-06-06 00:00:00,1997-06-09,1,sql,FOLKO,2,2844.5,54,2
315,10562,1997-06-09 00:00:00,1997-06-12,1,sql,REGGC,1,543.0,96,14
316,10563,1997-06-10 00:00:00,1997-06-24,1,sql,RICAR,2,965.0,97,2
317,10564,1997-06-10 00:00:00,1997-06-16,1,sql,RATTC,4,1299.0,95,10
318,10565,1997-06-11 00:00:00,1997-06-18,1,sql,MEREP,8,711.0,79,8
319,10566,1997-06-12 00:00:00,1997-06-18,1,sql,BLONP,9,2040.0,9,4
320,10567,1997-06-12 00:00:00,1997-06-17,1,sql,HUNGO,1,3109.0,67,14
321,10568,1997-06-13 00:00:00,1997-07-09,1,sql,GALED,3,155.0,59,6
322,10569,1997-06-16 00:00:00,1997-07-11,1,sql,RATTC,5,977.5,95,18
323,10570,1997-06-17 00:00:00,1997-06-19,1,sql,MEREP,3,2595.0,79,6
324,10571,1997-06-17 00:00:00,1997-07-04,1,sql,ERNSH,8,647.75,50,8
325,10572,1997-06-18 00:00:00,1997-06-25,1,sql,BERGS,3,1565.6499999999999,7,6
326,10573,1997-06-19 00:00:00,1997-06-20,1,sql,ANTON,7,2082.0,3,16
327,10574,1997-06-19 00:00:00,1997-06-30,1,sql,TRAIH,4,764.3,112,10
328,10575,1997-06-20 00:00:00,1997-06-30,1,sql,MORGK,5,2147.4,82,18
329,10576,1997-06-23 00:00:00,1997-06-30,1,sql,TORTU,3,838.45,110,6
330,10577,1997-06-23 00:00:00,1997-06-30,1,sql,TRAIH,9,569.0,112,4
331,10578,1997-06-24 00:00:00,1997-07-25,1,sql,BSBEV,4,477.0,5,10
332,10579,1997-06-25 00:00:00,1997-07-04,1,sql,LETSS,1,317.75,75,14
333,10580,1997-06-26 00:00:00,1997-07-01,1,sql,OTTIK,4,1067.1,86,10
334,10581,1997-06-26 00:00:00,1997-07-02,1,sql,FAMIA,3,387.5,51,6
335,10582,1997-06-27 00:00:00,1997-07-14,1,sql,BLAUS,3,330.0,8,6
336,10583,1997-06-30 00:00:00,1997-07-04,1,sql,WARTH,2,2413.9,116,2
337,10584,1997-06-30 00:00:00,1997-07-04,1,sql,BLONP,4,625.0,9,10
338,10585,1997-07-01 00:00:00,1997-07-10,1,sql,WELLI,7,142.5,117,16
339,10586,1997-07-02 00:00:00,1997-07-09,1,sql,REGGC,9,28.0,96,4
340,10587,1997-07-02 00:00:00,1997-07-09,1,sql,QUEDE,1,807.38,91,14
341,10588,1997-07-03 00:00:00,1997-07-10,1,sql,QUICK,2,3900.0,93,2
342,10589,1997-07-04 00:00:00,1997-07-14,1,sql,GREAL,8,72.0,62,8
343,10590,1997-07-07 00:00:00,1997-07-14,1,sql,MEREP,4,1140.0,79,10
344,10591,1997-07-07 00:00:00,1997-07-16,1,sql,VAFFE,1,812.5,113,14
345,10592,1997-07-08 00:00:00,1997-07-16,1,sql,LEHMS,3,543.65,74,6
346,10593,1997-07-09 00:00:00,1997-08-13,1,sql,LEHMS,7,2493.0,74,16
347,10594,1997-07-09 00:00:00,1997-07-16,1,sql,OLDWO,3,565.5,85,6
348,10595,1997-07-10 00:00:00,1997-07-14,1,sql,ERNSH,2,6300.0,50,2
349,10596,1997-07-11 00:00:00,1997-08-12,1,sql,WHITC,8,1476.1,118,8
350,10597,1997-07-11 00:00:00,1997-07-18,1,sql,PICCO,7,800.1,89,16
351,10598,1997-07-14 00:00:00,1997-07-18,1,sql,RATTC,1,2388.5,95,14
352,10599,1997-07-15 00:00:00,1997-07-21,1,sql,BSBEV,6,493.0,5,12
353,10600,1997-07-16 00:00:00,1997-07-21,1,sql,HUNGC,4,479.8,66,10
354,10601,1997-07-16 00:00:00,1997-07-22,1,sql,HILAA,7,2285.0,65,16
355,10602,1997-07-17 00:00:00,1997-07-22,1,sql,VAFFE,8,65.0,113,8
356,10603,1997-07-18 00:00:00,1997-08-08,1,sql,SAVEA,8,1508.0,101,8
357,10604,1997-07-18 00:00:00,1997-07-29,1,sql,FURIB,1,256.5,58,14
358,10605,1997-07-21 00:00:00,1997-07-29,1,sql,MEREP,1,4326.0,79,14
359,10606,1997-07-22 00:00:00,1997-07-31,1,sql,TRADH,4,1413.0,111,10
360,10607,1997-07-22 00:00:00,1997-07-25,1,sql,SAVEA,5,6475.4,101,18
361,10608,1997-07-23 00:00:00,1997-08-01,1,sql,TOMSP,4,1064.0,109,10
362,10609,1997-07-24 00:00:00,1997-07-30,1,sql,DUMON,7,424.0,48,16
363,10610,1997-07-25 00:00:00,1997-08-06,1,sql,LAMAI,8,399.0,71,8
364,10611,1997-07-25 00:00:00,1997-08-01,1,sql,WOLZA,6,808.0,120,12
365,10612,1997-07-28 00:00:00,1997-08-01,1,sql,SAVEA,1,6375.0,101,14
366,10613,1997-07-29 00:00:00,1997-08-01,1,sql,HILAA,4,358.0,65,10
367,10614,1997-07-29 00:00:00,1997-08-01,1,sql,BLAUS,8,464.0,8,8
368,10615,1997-07-30 00:00:00,1997-08-06,1,sql,WILMK,2,120.0,119,2
369,10616,1997-07-31 00:00:00,1997-08-05,1,sql,GREAL,1,5032.0,62,14
370,10617,1997-07-31 00:00:00,1997-08-04,1,sql,GREAL,4,1650.0,62,10
371,10618,1997-08-01 00:00:00,1997-08-08,1,sql,MEREP,1,2697.5,79,14
372,10619,1997-08-04 00:00:00,1997-08-07,1,sql,MEREP,3,1260.0,79,6
373,10620,1997-08-05 00:00:00,1997-08-14,1,sql,LAUGB,2,57.5,72,2
374,10621,1997-08-05 00:00:00,1997-08-11,1,sql,ISLAT,4,758.5,68,10
375,10622,1997-08-06 00:00:00,1997-08-11,1,sql,RICAR,4,605.0,97,10
376,10623,1997-08-07 00:00:00,1997-08-12,1,sql,FRANK,8,1429.75,57,8
377,10624,1997-08-07 00:00:00,1997-08-19,1,sql,THECR,4,1393.24,108,10
378,10625,1997-08-08 00:00:00,1997-08-14,1,sql,ANATR,3,479.75,2,6
379,10626,1997-08-11 00:00:00,1997-08-20,1,sql,BERGS,1,1503.6,7,14
380,10627,1997-08-11 00:00:00,1997-08-21,1,sql,SAVEA,8,1264.5,101,8
381,10628,1997-08-12 00:00:00,1997-08-20,1,sql,BLONP,4,450.0,9,10
382,10629,1997-08-12 00:00:00,1997-08-20,1,sql,GODOS,4,2775.05,60,10
383,10630,1997-08-13 00:00:00,1997-08-19,1,sql,KOENE,1,918.0,69,14
384,10631,1997-08-14 00:00:00,1997-08-15,1,sql,LAMAI,8,62.0,71,8
385,10632,1997-08-14 00:00:00,1997-08-19,1,sql,WANDK,8,620.0,46,8
386,10633,1997-08-15 00:00:00,1997-08-18,1,sql,ERNSH,7,6483.05,50,16
387,10634,1997-08-15 00:00:00,1997-08-21,1,sql,FOLIG,4,4985.5,53,10
388,10635,1997-08-18 00:00:00,1997-08-21,1,sql,MAGAA,8,1380.25,80,8
389,10636,1997-08-19 00:00:00,1997-08-26,1,sql,WARTH,4,629.5,116,10
390,10637,1997-08-19 00:00:00,1997-08-26,1,sql,QUEEN,6,2896.25,92,12
391,10638,1997-08-20 00:00:00,1997-09-01,1,sql,LINOD,3,2720.05,77,6
392,10639,1997-08-20 00:00:00,1997-08-27,1,sql,SANTG,7,500.0,100,16
393,10640,1997-08-21 00:00:00,1997-08-28,1,sql,WANDK,4,945.0,46,10
394,10641,1997-08-22 00:00:00,1997-08-26,1,sql,HILAA,4,2054.0,65,10
395,10642,1997-08-22 00:00:00,1997-09-05,1,sql,SIMOB,7,870.0,103,16
396,10643,1997-08-25 00:00:00,1997-09-02,1,sql,ALFKI,6,1086.0,1,12
397,10644,1997-08-25 00:00:00,1997-09-01,1,sql,WELLI,3,1422.0,117,6
398,10645,1997-08-26 00:00:00,1997-09-02,1,sql,HANAR,4,1535.0,64,10
399,10646,1997-08-27 00:00:00,1997-09-03,1,sql,HUNGO,9,1928.0,67,4
400,10647,1997-08-27 00:00:00,1997-09-03,1,sql,QUEDE,4,636.0,91,10
401,10648,1997-08-28 00:00:00,1997-09-09,1,sql,RICAR,5,382.5,97,18
402,10649,1997-08-28 00:00:00,1997-08-29,1,sql,MAISD,5,1434.0,81,18
403,10650,1997-08-29 00:00:00,1997-09-03,1,sql,FAMIA,5,1820.1999999999998,51,18
404,10651,1997-09-01 00:00:00,1997-09-11,1,sql,WANDK,8,530.4,46,8
405,10652,1997-09-01 00:00:00,1997-09-08,1,sql,GOURL,4,331.78,61,10
406,10653,1997-09-02 00:00:00,1997-09-19,1,sql,FRANK,1,1203.5,57,14
407,10654,1997-09-02 00:00:00,1997-09-11,1,sql,BERGS,5,668.7,7,18
408,10655,1997-09-03 00:00:00,1997-09-11,1,sql,REGGC,1,193.0,96,14
409,10656,1997-09-04 00:00:00,1997-09-10,1,sql,GREAL,6,671.35,62,12
410,10657,1997-09-04 00:00:00,1997-09-15,1,sql,SAVEA,2,4371.6,101,2
411,10658,1997-09-05 00:00:00,1997-09-08,1,sql,QUICK,4,4668.0,93,10
412,10659,1997-09-05 00:00:00,1997-09-10,1,sql,QUEEN,7,1291.6,92,16
413,10660,1997-09-08 00:00:00,1997-10-15,1,sql,HUNGC,8,1701.0,66,8
414,10661,1997-09-09 00:00:00,1997-09-15,1,sql,HUNGO,7,703.25,67,16
415,10662,1997-09-09 00:00:00,1997-09-18,1,sql,LONEP,3,125.0,78,6
416,10663,1997-09-10 00:00:00,1997-10-03,1,sql,BONAP,2,2032.0,10,2
417,10664,1997-09-10 00:00:00,1997-09-19,1,sql,FURIB,1,1515.75,58,14
418,10665,1997-09-11 00:00:00,1997-09-17,1,sql,LONEP,1,1295.0,78,14
419,10666,1997-09-12 00:00:00,1997-09-22,1,sql,RICSU,7,4666.9400000000005,98,16
420,10667,1997-09-12 00:00:00,1997-09-19,1,sql,ERNSH,7,1921.0,50,16
421,10668,1997-09-15 00:00:00,1997-09-23,1,sql,WANDK,1,694.75,46,14
422,10669,1997-09-15 00:00:00,1997-09-22,1,sql,SIMOB,2,570.0,103,2
423,10670,1997-09-16 00:00:00,1997-09-18,1,sql,FRANK,4,2301.75,57,10
424,10671,1997-09-17 00:00:00,1997-09-24,1,sql,FRANR,1,920.1,55,14
425,10672,1997-09-17 00:00:00,1997-09-26,1,sql,BERGS,9,4210.5,7,4
426,10673,1997-09-18 00:00:00,1997-09-19,1,sql,WILMK,2,412.35,119,2
427,10674,1997-09-18 00:00:00,1997-09-30,1,sql,ISLAT,4,45.0,68,10
428,10675,1997-09-19 00:00:00,1997-09-23,1,sql,FRANK,5,1423.0,57,18
429,10676,1997-09-22 00:00:00,1997-09-29,1,sql,TORTU,2,534.85,110,2
430,10677,1997-09-22 00:00:00,1997-09-26,1,sql,ANTON,1,956.9,3,14
431,10678,1997-09-23 00:00:00,1997-10-16,1,sql,SAVEA,7,5256.5,101,16
432,10679,1997-09-23 00:00:00,1997-09-30,1,sql,BLONP,8,660.0,9,8
433,10680,1997-09-24 00:00:00,1997-09-26,1,sql,OLDWO,1,1682.5,85,14
434,10681,1997-09-25 00:00:00,1997-09-30,1,sql,GREAL,3,1327.0,62,6
435,10682,1997-09-25 00:00:00,1997-10-01,1,sql,ANTON,3,375.5,3,6
436,10683,1997-09-26 00:00:00,1997-10-01,1,sql,DUMON,2,63.0,48,2
437,10684,1997-09-26 00:00:00,1997-09-30,1,sql,OTTIK,3,1768.0,86,6
438,10685,1997-09-29 00:00:00,1997-10-03,1,sql,GOURL,4,801.1,61,10
439,10686,1997-09-30 00:00:00,1997-10-08,1,sql,PICCO,2,1638.45,89,2
440,10687,1997-09-30 00:00:00,1997-10-30,1,sql,HUNGO,9,6201.9,67,4
441,10688,1997-10-01 00:00:00,1997-10-07,1,sql,VAFFE,4,3490.0,113,10
442,10689,1997-10-01 00:00:00,1997-10-07,1,sql,BERGS,1,630.0,7,14
443,10690,1997-10-02 00:00:00,1997-10-03,1,sql,HANAR,1,1150.0,64,14
444,10691,1997-10-03 00:00:00,1997-10-22,1,sql,QUICK,2,10164.8,93,2
445,10692,1997-10-03 00:00:00,1997-10-13,1,sql,ALFKI,4,878.0,1,10
446,10693,1997-10-06 00:00:00,1997-10-10,1,sql,WHITC,3,2334.0,118,6
447,10694,1997-10-06 00:00:00,1997-10-09,1,sql,QUICK,8,4825.0,93,8
448,10695,1997-10-07 00:00:00,1997-10-14,1,sql,WILMK,7,642.0,119,16
449,10696,1997-10-08 00:00:00,1997-10-14,1,sql,WHITC,8,996.0,118,8
450,10697,1997-10-08 00:00:00,1997-10-14,1,sql,LINOD,3,1073.9,77,6
451,10698,1997-10-09 00:00:00,1997-10-17,1,sql,ERNSH,4,3600.73,50,10
452,10699,1997-10-09 00:00:00,1997-10-13,1,sql,MORGK,3,114.0,82,6
453,10700,1997-10-10 00:00:00,1997-10-16,1,sql,SAVEA,3,2048.0,101,6
454,10701,1997-10-13 00:00:00,1997-10-15,1,sql,HUNGO,6,3370.0,67,12
455,10702,1997-10-13 00:00:00,1997-10-21,1,sql,ALFKI,4,330.0,1,10
456,10703,1997-10-14 00:00:00,1997-10-20,1,sql,FOLKO,6,2545.0,54,12
457,10704,1997-10-14 00:00:00,1997-11-07,1,sql,QUEEN,6,595.5,92,12
458,10705,1997-10-15 00:00:00,1997-11-18,1,sql,HILAA,9,378.0,65,4
459,10706,1997-10-16 00:00:00,1997-10-21,1,sql,OLDWO,8,1893.0,85,8
460,10707,1997-10-16 00:00:00,1997-10-23,1,sql,AROUT,4,1704.0,4,10
461,10708,1997-10-17 00:00:00,1997-11-05,1,sql,THEBI,6,180.4,107,12
462,10709,1997-10-17 00:00:00,1997-11-20,1,sql,GOURL,1,3424.0,61,14
463,10710,1997-10-20 00:00:00,1997-10-23,1,sql,FRANS,1,93.5,56,14
464,10711,1997-10-21 00:00:00,1997-10-29,1,sql,SAVEA,5,4451.7,101,18
465,10712,1997-10-21 00:00:00,1997-10-31,1,sql,HUNGO,3,1238.4,67,6
466,10713,1997-10-22 00:00:00,1997-10-24,1,sql,SAVEA,1,2827.9,101,14
467,10714,1997-10-22 00:00:00,1997-10-27,1,sql,SAVEA,5,2941.0,101,18
468,10715,1997-10-23 00:00:00,1997-10-29,1,sql,BONAP,3,1296.0,10,6
469,10716,1997-10-24 00:00:00,1997-10-27,1,sql,RANCH,4,706.0,94,10
470,10717,1997-10-24 00:00:00,1997-10-29,1,sql,FRANK,1,1331.75,57,14
471,10718,1997-10-27 00:00:00,1997-10-29,1,sql,KOENE,1,3463.0,69,14
472,10719,1997-10-27 00:00:00,1997-11-05,1,sql,LETSS,8,1125.67,75,8
473,10720,1997-10-28 00:00:00,1997-11-05,1,sql,QUEDE,8,550.0,91,8
474,10721,1997-10-29 00:00:00,1997-10-31,1,sql,QUICK,5,972.5,93,18
475,10722,1997-10-29 00:00:00,1997-11-04,1,sql,SAVEA,8,1570.0,101,8
476,10723,1997-10-30 00:00:00,1997-11-25,1,sql,WHITC,3,468.45,118,6
477,10724,1997-10-30 00:00:00,1997-11-05,1,sql,MEREP,8,638.5,79,8
478,10725,1997-10-31 00:00:00,1997-11-05,1,sql,FAMIA,4,287.8,51,10
479,10726,1997-11-03 00:00:00,1997-12-05,1,sql,EASTC,4,655.0,49,10
480,10727,1997-11-03 00:00:00,1997-12-05,1,sql,REGGC,2,1710.0,96,2
481,10728,1997-11-04 00:00:00,1997-11-11,1,sql,QUEEN,4,1296.75,92,10
482,10729,1997-11-04 00:00:00,1997-11-14,1,sql,LINOD,8,1850.0,77,8
483,10730,1997-11-05 00:00:00,1997-11-14,1,sql,BONAP,5,509.75,10,18
484,10731,1997-11-06 00:00:00,1997-11-14,1,sql,CHOPS,7,1990.0,14,16
485,10732,1997-11-06 00:00:00,1997-11-07,1,sql,BONAP,3,360.0,10,6
486,10733,1997-11-07 00:00:00,1997-11-10,1,sql,BERGS,1,1459.0,7,14
487,10734,1997-11-07 00:00:00,1997-11-12,1,sql,GOURL,2,1498.35,61,2
488,10735,1997-11-10 00:00:00,1997-11-21,1,sql,LETSS,6,596.0,75,12
489,10736,1997-11-11 00:00:00,1997-11-21,1,sql,HUNGO,9,997.0,67,4
490,10737,1997-11-11 00:00:00,1997-11-18,1,sql,VINET,2,139.8,115,2
491,10738,1997-11-12 00:00:00,1997-11-18,1,sql,SPECD,2,52.349999999999994,104,2
492,10739,1997-11-12 00:00:00,1997-11-17,1,sql,VINET,3,240.0,115,6
493,10740,1997-11-13 00:00:00,1997-11-25,1,sql,WHITC,4,1770.0,118,10
494,10741,1997-11-14 00:00:00,1997-11-18,1,sql,AROUT,4,285.0,4,10
495,10742,1997-11-14 00:00:00,1997-11-18,1,sql,BOTTM,3,3118.0,11,6
496,10743,1997-11-17 00:00:00,1997-11-21,1,sql,AROUT,1,336.0,4,14
497,10744,1997-11-17 00:00:00,1997-11-24,1,sql,VAFFE,6,919.9999999999999,113,12
498,10745,1997-11-18 00:00:00,1997-11-27,1,sql,QUICK,9,4529.8,93,4
499,10746,1997-11-19 00:00:00,1997-11-21,1,sql,CHOPS,1,2311.7,14,14
500,10747,1997-11-19 00:00:00,1997-11-26,1,sql,PICCO,6,1912.85,89,12
501,10748,1997-11-20 00:00:00,1997-11-28,1,sql,SAVEA,3,2196.0,101,6
502,10749,1997-11-20 00:00:00,1997-12-19,1,sql,ISLAT,4,1080.0,68,10
503,10750,1997-11-21 00:00:00,1997-11-24,1,sql,WARTH,9,1871.25,116,4
504,10751,1997-11-24 00:00:00,1997-12-03,1,sql,RICSU,3,1701.46,98,6
505,10752,1997-11-24 00:00:00,1997-11-28,1,sql,NORTS,2,252.0,83,2
506,10753,1997-11-25 00:00:00,1997-11-27,1,sql,FRANS,3,88.0,56,6
507,10754,1997-11-25 00:00:00,1997-11-27,1,sql,MAGAA,6,55.199999999999996,80,12
508,10755,1997-11-26 00:00:00,1997-11-28,1,sql,BONAP,4,2598.0,10,10
509,10756,1997-11-27 00:00:00,1997-12-02,1,sql,SPLIR,8,2487.5,105,8
510,10757,1997-11-27 00:00:00,1997-12-15,1,sql,SAVEA,6,3082.0,101,12
511,10758,1997-11-28 00:00:00,1997-12-04,1,sql,RICSU,3,1644.6,98,6
512,10759,1997-11-28 00:00:00,1997-12-12,1,sql,ANATR,3,320.0,2,6
513,10760,1997-12-01 00:00:00,1997-12-10,1,sql,MAISD,4,3304.0,81,10
514,10761,1997-12-02 00:00:00,1997-12-08,1,sql,RATTC,5,629.5,95,18
515,10762,1997-12-02 00:00:00,1997-12-09,1,sql,FOLKO,3,4337.0,54,6
516,10763,1997-12-03 00:00:00,1997-12-08,1,sql,FOLIG,3,616.0,53,6
517,10764,1997-12-03 00:00:00,1997-12-08,1,sql,ERNSH,6,2540.0,50,12
518,10765,1997-12-04 00:00:00,1997-12-09,1,sql,QUICK,3,1684.0,93,6
519,10766,1997-12-05 00:00:00,1997-12-09,1,sql,OTTIK,4,2310.0,86,10
520,10767,1997-12-05 00:00:00,1997-12-15,1,sql,SUPRD,4,28.0,106,10
521,10768,1997-12-08 00:00:00,1997-12-15,1,sql,AROUT,3,1477.0,4,6
522,10769,1997-12-08 00:00:00,1997-12-12,1,sql,VAFFE,3,1704.0,113,6
523,10770,1997-12-09 00:00:00,1997-12-17,1,sql,HANAR,8,315.0,64,8
524,10771,1997-12-10 00:00:00,1998-01-02,1,sql,ERNSH,9,344.0,50,4
525,10772,1997-12-10 00:00:00,1997-12-19,1,sql,LEHMS,3,3603.2200000000003,74,6
526,10773,1997-12-11 00:00:00,1997-12-16,1,sql,ERNSH,1,2216.25,50,14
527,10774,1997-12-11 00:00:00,1997-12-12,1,sql,FOLKO,4,875.0,54,10
528,10775,1997-12-12 00:00:00,1997-12-26,1,sql,THECR,7,228.0,108,16
529,10776,1997-12-15 00:00:00,1997-12-18,1,sql,ERNSH,1,6984.5,50,14
530,10777,1997-12-15 00:00:00,1998-01-21,1,sql,GOURL,7,280.0,61,16
531,10778,1997-12-16 00:00:00,1997-12-24,1,sql,BERGS,3,96.5,7,6
532,10779,1997-12-16 00:00:00,1998-01-14,1,sql,MORGK,3,1335.0,82,6
533,10780,1997-12-16 00:00:00,1997-12-25,1,sql,LILAS,2,720.0,76,2
534,10781,1997-12-17 00:00:00,1997-12-19,1,sql,WARTH,2,1132.35,116,2
535,10782,1997-12-17 00:00:00,1997-12-22,1,sql,CACTU,9,12.5,12,4
536,10783,1997-12-18 00:00:00,1997-12-19,1,sql,HANAR,4,1442.5,64,10
537,10784,1997-12-18 00:00:00,1997-12-22,1,sql,MAGAA,4,1650.0,80,10
538,10785,1997-12-18 00:00:00,1997-12-24,1,sql,GROSR,1,387.5,63,14
539,10786,1997-12-19 00:00:00,1997-12-23,1,sql,QUEEN,8,1913.85,92,8
540,10787,1997-12-19 00:00:00,1997-12-26,1,sql,LAMAI,2,2760.8,71,2
541,10788,1997-12-22 00:00:00,1998-01-19,1,sql,QUICK,1,770.0,93,14
542,10789,1997-12-22 00:00:00,1997-12-31,1,sql,FOLIG,1,3687.0,53,14
543,10790,1997-12-22 00:00:00,1997-12-26,1,sql,GOURL,6,850.0,61,12
544,10791,1997-12-23 00:00:00,1998-01-01,1,sql,FRANK,6,1926.0600000000002,57,12
545,10792,1997-12-23 00:00:00,1997-12-31,1,sql,WOLZA,1,399.85,120,14
546,10793,1997-12-24 00:00:00,1998-01-08,1,sql,AROUT,3,191.1,4,6
547,10794,1997-12-24 00:00:00,1998-01-02,1,sql,QUEDE,6,393.45,91,12
548,10795,1997-12-24 00:00:00,1998-01-20,1,sql,ERNSH,8,2499.25,50,8
549,10796,1997-12-25 00:00:00,1998-01-14,1,sql,HILAA,3,2878.08,65,6
550,10797,1997-12-25 00:00:00,1998-01-05,1,sql,DRACD,7,420.0,47,16
551,10798,1997-12-26 00:00:00,1998-01-05,1,sql,ISLAT,2,446.6,68,2
552,10799,1997-12-26 00:00:00,1998-01-05,1,sql,KOENE,9,1585.0,69,4
553,10800,1997-12-26 00:00:00,1998-01-05,1,sql,SEVES,1,1632.15,102,14
554,10801,1997-12-29 00:00:00,1997-12-31,1,sql,BOLID,4,4035.8,6,10
555,10802,1997-12-29 00:00:00,1998-01-02,1,sql,SIMOB,4,3923.75,103,10
556,10803,1997-12-30 00:00:00,1998-01-06,1,sql,WELLI,4,1255.8,117,10
557,10804,1997-12-30 00:00:00,1998-01-07,1,sql,SEVES,6,2290.4,102,12
558,10805,1997-12-30 00:00:00,1998-01-09,1,sql,THEBI,2,2775.0,107,2
559,10806,1997-12-31 00:00:00,1998-01-05,1,sql,VICTE,3,572.1,114,6
560,10807,1997-12-31 00:00:00,1998-01-30,1,sql,FRANS,4,18.4,56,10
561,10808,1998-01-01 00:00:00,1998-01-09,1,sql,OLDWO,2,1660.0,85,2
562,10809,1998-01-01 00:00:00,1998-01-07,1,sql,WELLI,7,140.0,117,16
563,10810,1998-01-01 00:00:00,1998-01-07,1,sql,LAUGB,2,187.0,72,2
564,10811,1998-01-02 00:00:00,1998-01-08,1,sql,LINOD,8,852.0,77,8
565,10812,1998-01-02 00:00:00,1998-01-12,1,sql,REGGC,5,1852.0,96,18
566,10813,1998-01-05 00:00:00,1998-01-09,1,sql,RICAR,1,648.0,97,14
567,10814,1998-01-05 00:00:00,1998-01-14,1,sql,VICTE,3,2070.0,114,6
568,10815,1998-01-05 00:00:00,1998-01-14,1,sql,SAVEA,2,40.0,101,2
569,10816,1998-01-06 00:00:00,1998-02-04,1,sql,GREAL,4,8891.0,62,10
570,10817,1998-01-06 00:00:00,1998-01-13,1,sql,KOENE,3,11490.7,69,6
571,10818,1998-01-07 00:00:00,1998-01-12,1,sql,MAGAA,7,833.0,80,16
572,10819,1998-01-07 00:00:00,1998-01-16,1,sql,CACTU,2,477.0,12,2
573,10820,1998-01-07 00:00:00,1998-01-13,1,sql,RATTC,3,1140.0,95,6
574,10821,1998-01-08 00:00:00,1998-01-15,1,sql,SPLIR,1,678.0,105,14
575,10822,1998-01-08 00:00:00,1998-01-16,1,sql,TRAIH,6,237.89999999999998,112,12
576,10823,1998-01-09 00:00:00,1998-01-13,1,sql,LILAS,5,3107.5,76,18
577,10824,1998-01-09 00:00:00,1998-01-30,1,sql,FOLKO,8,250.8,54,8
578,10825,1998-01-09 00:00:00,1998-01-14,1,sql,DRACD,1,1030.76,47,14
579,10826,1998-01-12 00:00:00,1998-02-06,1,sql,BLONP,6,730.0,9,12
580,10827,1998-01-12 00:00:00,1998-02-06,1,sql,BONAP,1,843.0,10,14
581,10828,1998-01-13 00:00:00,1998-02-04,1,sql,RANCH,9,932.0,94,4
582,10829,1998-01-13 00:00:00,1998-01-23,1,sql,ISLAT,9,1764.0,68,4
583,10830,1998-01-13 00:00:00,1998-01-21,1,sql,TRADH,4,1974.0,111,10
584,10831,1998-01-14 00:00:00,1998-01-23,1,sql,SANTG,3,2684.4,100,6
585,10832,1998-01-14 00:00:00,1998-01-19,1,sql,LAMAI,2,568.95,71,2
586,10833,1998-01-15 00:00:00,1998-01-23,1,sql,OTTIK,6,1007.7,86,12
587,10834,1998-01-15 00:00:00,1998-01-19,1,sql,TRADH,1,1508.12,111,14
588,10835,1998-01-15 00:00:00,1998-01-21,1,sql,ALFKI,1,851.0,1,14
589,10836,1998-01-16 00:00:00,1998-01-21,1,sql,ERNSH,7,4705.5,50,16
590,10837,1998-01-16 00:00:00,1998-01-23,1,sql,BERGS,9,1254.0,7,4
591,10838,1998-01-19 00:00:00,1998-01-23,1,sql,LINOD,3,2584.5,77,6
592,10839,1998-01-19 00:00:00,1998-01-22,1,sql,TRADH,3,919.5,111,6
593,10840,1998-01-19 00:00:00,1998-02-16,1,sql,LINOD,4,264.0,77,10
594,10841,1998-01-20 00:00:00,1998-01-29,1,sql,SUPRD,5,4581.0,106,18
595,10842,1998-01-20 00:00:00,1998-01-29,1,sql,TORTU,1,975.0,110,14
596,10843,1998-01-21 00:00:00,1998-01-26,1,sql,VICTE,4,212.0,114,10
597,10844,1998-01-21 00:00:00,1998-01-26,1,sql,PICCO,8,735.0,89,8
598,10845,1998-01-21 00:00:00,1998-01-30,1,sql,QUICK,8,4059.0,93,8
599,10846,1998-01-22 00:00:00,1998-01-23,1,sql,SUPRD,2,1112.0,106,2
600,10847,1998-01-22 00:00:00,1998-02-10,1,sql,SAVEA,4,6164.9,101,10
601,10848,1998-01-23 00:00:00,1998-01-29,1,sql,CONSH,7,931.5,45,16
602,10849,1998-01-23 00:00:00,1998-01-30,1,sql,KOENE,9,1052.1399999999999,69,4
603,10850,1998-01-23 00:00:00,1998-01-30,1,sql,VICTE,1,740.0,114,14
604,10851,1998-01-26 00:00:00,1998-02-02,1,sql,RICAR,5,2740.0,97,18
605,10852,1998-01-26 00:00:00,1998-01-30,1,sql,RATTC,8,2984.0,95,8
606,10853,1998-01-27 00:00:00,1998-02-03,1,sql,BLAUS,9,625.0,8,4
607,10854,1998-01-27 00:00:00,1998-02-05,1,sql,ERNSH,3,3490.0,50,6
608,10855,1998-01-27 00:00:00,1998-02-04,1,sql,OLDWO,3,2275.25,85,6
609,10856,1998-01-28 00:00:00,1998-02-10,1,sql,ANTON,3,660.0,3,6
610,10857,1998-01-28 00:00:00,1998-02-06,1,sql,BERGS,8,2630.95,7,8
611,10858,1998-01-29 00:00:00,1998-02-03,1,sql,LACOR,2,649.0,70,2
612,10859,1998-01-29 00:00:00,1998-02-02,1,sql,FRANK,1,1438.25,57,14
613,10860,1998-01-29 00:00:00,1998-02-04,1,sql,FRANR,3,519.0,55,6
614,10861,1998-01-30 00:00:00,1998-02-17,1,sql,WHITC,4,3523.4,118,10
615,10862,1998-01-30 00:00:00,1998-02-02,1,sql,LEHMS,8,581.0,74,8
616,10863,1998-02-02 00:00:00,1998-02-17,1,sql,HILAA,4,519.0,65,10
617,10864,1998-02-02 00:00:00,1998-02-09,1,sql,AROUT,4,282.0,4,10
618,10865,1998-02-02 00:00:00,1998-02-12,1,sql,QUICK,2,17250.0,93,2
619,10866,1998-02-03 00:00:00,1998-02-12,1,sql,BERGS,5,1461.6,7,18
620,10867,1998-02-03 00:00:00,1998-02-11,1,sql,LONEP,6,98.39999999999999,78,12
621,10868,1998-02-04 00:00:00,1998-02-23,1,sql,QUEEN,7,2004.6,92,16
622,10869,1998-02-04 00:00:00,1998-02-09,1,sql,SEVES,5,1630.0,102,18
623,10870,1998-02-04 00:00:00,1998-02-13,1,sql,WOLZA,5,160.0,120,18
624,10871,1998-02-05 00:00:00,1998-02-10,1,sql,BONAP,9,2083.4,10,4
625,10872,1998-02-05 00:00:00,1998-02-09,1,sql,GODOS,5,2166.8,60,18
626,10873,1998-02-06 00:00:00,1998-02-09,1,sql,WILMK,4,336.8,119,10
627,10874,1998-02-06 00:00:00,1998-02-11,1,sql,GODOS,5,310.0,60,18
628,10875,1998-02-06 00:00:00,1998-03-03,1,sql,BERGS,4,729.5,7,10
629,10876,1998-02-09 00:00:00,1998-02-12,1,sql,BONAP,7,917.0,10,16
630,10877,1998-02-09 00:00:00,1998-02-19,1,sql,RICAR,1,2086.0,97,14
631,10878,1998-02-10 00:00:00,1998-02-12,1,sql,QUICK,4,1620.0,93,10
632,10879,1998-02-10 00:00:00,1998-02-12,1,sql,WILMK,3,611.3,119,6
633,10880,1998-02-10 00:00:00,1998-02-18,1,sql,FOLKO,7,1875.0,54,16
634,10881,1998-02-11 00:00:00,1998-02-18,1,sql,CACTU,4,150.0,12,10
635,10882,1998-02-11 00:00:00,1998-02-20,1,sql,SAVEA,4,988.4,101,10
636,10883,1998-02-12 00:00:00,1998-02-20,1,sql,LONEP,8,36.0,78,8
637,10884,1998-02-12 00:00:00,1998-02-13,1,sql,LETSS,4,1450.6,75,10
638,10885,1998-02-12 00:00:00,1998-02-18,1,sql,SUPRD,6,1209.0,106,12
639,10886,1998-02-13 00:00:00,1998-03-02,1,sql,HANAR,1,3127.5,64,14
640,10887,1998-02-13 00:00:00,1998-02-16,1,sql,GALED,8,70.0,59,8
641,10888,1998-02-16 00:00:00,1998-02-23,1,sql,GODOS,1,605.0,60,14
642,10889,1998-02-16 00:00:00,1998-02-23,1,sql,RATTC,9,11380.0,95,4
643,10890,1998-02-16 00:00:00,1998-02-18,1,sql,DUMON,7,860.1,48,16
644,10891,1998-02-17 00:00:00,1998-02-19,1,sql,LEHMS,7,388.35,74,16
645,10892,1998-02-17 00:00:00,1998-02-19,1,sql,MAISD,4,2200.0,81,10
646,10893,1998-02-18 00:00:00,1998-02-20,1,sql,KOENE,9,5502.11,69,4
647,10894,1998-02-18 00:00:00,1998-02-20,1,sql,SAVEA,1,2898.0,101,14
648,10895,1998-02-18 00:00:00,1998-02-23,1,sql,ERNSH,3,6379.4,50,6
649,10896,1998-02-19 00:00:00,1998-02-27,1,sql,MAISD,7,750.5,81,16
650,10897,1998-02-19 00:00:00,1998-02-25,1,sql,HUNGO,3,10835.240000000002,67,6
651,10898,1998-02-20 00:00:00,1998-03-06,1,sql,OCEAN,4,30.0,84,10
652,10899,1998-02-20 00:00:00,1998-02-26,1,sql,LILAS,5,144.0,76,18
653,10900,1998-02-20 00:00:00,1998-03-04,1,sql,WELLI,1,45.0,117,14
654,10901,1998-02-23 00:00:00,1998-02-26,1,sql,HILAA,4,934.5,65,10
655,10902,1998-02-23 00:00:00,1998-03-03,1,sql,FOLKO,1,1015.8,54,14
656,10903,1998-02-24 00:00:00,1998-03-04,1,sql,HANAR,3,932.05,64,6
657,10904,1998-02-24 00:00:00,1998-02-27,1,sql,WHITC,3,1924.25,118,6
658,10905,1998-02-24 00:00:00,1998-03-06,1,sql,WELLI,9,360.0,117,4
659,10906,1998-02-25 00:00:00,1998-03-03,1,sql,WOLZA,4,427.5,120,10
660,10907,1998-02-25 00:00:00,1998-02-27,1,sql,SPECD,6,108.5,104,12
661,10908,1998-02-26 00:00:00,1998-03-06,1,sql,REGGC,4,698.0,96,10
662,10909,1998-02-26 00:00:00,1998-03-10,1,sql,SANTG,1,670.0,100,14
663,10910,1998-02-26 00:00:00,1998-03-04,1,sql,WILMK,1,452.9,119,14
664,10911,1998-02-26 00:00:00,1998-03-05,1,sql,GODOS,3,858.0,60,6
665,10912,1998-02-26 00:00:00,1998-03-18,1,sql,HUNGO,2,8267.400000000001,67,2
666,10913,1998-02-26 00:00:00,1998-03-04,1,sql,QUEEN,4,958.75,92,10
667,10914,1998-02-27 00:00:00,1998-03-02,1,sql,QUEEN,6,537.5,92,12
668,10915,1998-02-27 00:00:00,1998-03-02,1,sql,TORTU,2,539.5,110,2
669,10916,1998-02-27 00:00:00,1998-03-09,1,sql,RANCH,1,686.7,94,14
670,10917,1998-03-02 00:00:00,1998-03-11,1,sql,ROMEY,4,365.89,99,10
671,10918,1998-03-02 00:00:00,1998-03-11,1,sql,BOTTM,3,1930.0,11,6
672,10919,1998-03-02 00:00:00,1998-03-04,1,sql,LINOD,2,1122.8,77,2
673,10920,1998-03-03 00:00:00,1998-03-09,1,sql,AROUT,4,390.0,4,10
674,10921,1998-03-03 00:00:00,1998-03-09,1,sql,VAFFE,1,1936.0,113,14
675,10922,1998-03-03 00:00:00,1998-03-05,1,sql,HANAR,5,742.5,64,18
676,10923,1998-03-03 00:00:00,1998-03-13,1,sql,LAMAI,7,936.0,71,16
677,10924,1998-03-04 00:00:00,1998-04-08,1,sql,BERGS,3,2034.5,7,6
678,10925,1998-03-04 00:00:00,1998-03-13,1,sql,HANAR,3,559.0,64,6
679,10926,1998-03-04 00:00:00,1998-03-11,1,sql,ANATR,4,514.4,2,10
680,10927,1998-03-05 00:00:00,1998-04-08,1,sql,LACOR,4,800.0,70,10
681,10928,1998-03-05 00:00:00,1998-03-18,1,sql,GALED,1,137.5,59,14
682,10929,1998-03-05 00:00:00,1998-03-12,1,sql,FRANK,6,1174.75,57,12
683,10930,1998-03-06 00:00:00,1998-03-18,1,sql,SUPRD,4,2455.0,106,10
684,10931,1998-03-06 00:00:00,1998-03-19,1,sql,RICSU,4,837.0,98,10
685,10932,1998-03-06 00:00:00,1998-03-24,1,sql,BONAP,8,1925.5,10,8
686,10933,1998-03-06 00:00:00,1998-03-16,1,sql,ISLAT,6,920.6,68,12
687,10934,1998-03-09 00:00:00,1998-03-12,1,sql,LEHMS,3,500.0,74,6
688,10935,1998-03-09 00:00:00,1998-03-18,1,sql,WELLI,4,700.0,117,10
689,10936,1998-03-09 00:00:00,1998-03-18,1,sql,GREAL,3,570.0,62,6
690,10937,1998-03-10 00:00:00,1998-03-13,1,sql,CACTU,7,644.8,12,16
691,10938,1998-03-10 00:00:00,1998-03-16,1,sql,QUICK,3,3642.5,93,6
692,10939,1998-03-10 00:00:00,1998-03-13,1,sql,MAGAA,2,750.0,80,2
693,10940,1998-03-11 00:00:00,1998-03-23,1,sql,BONAP,8,360.0,10,8
694,10941,1998-03-11 00:00:00,1998-03-20,1,sql,SAVEA,7,4769.0,101,16
695,10942,1998-03-11 00:00:00,1998-03-18,1,sql,REGGC,9,560.0,96,4
696,10943,1998-03-11 00:00:00,1998-03-19,1,sql,BSBEV,4,711.0,5,10
697,10944,1998-03-12 00:00:00,1998-03-13,1,sql,BOTTM,6,1139.1,11,12
698,10945,1998-03-12 00:00:00,1998-03-18,1,sql,MORGK,4,245.0,82,10
699,10946,1998-03-12 00:00:00,1998-03-19,1,sql,VAFFE,1,1407.5,113,14
700,10947,1998-03-13 00:00:00,1998-03-16,1,sql,BSBEV,3,220.0,5,6
701,10948,1998-03-13 00:00:00,1998-03-19,1,sql,GODOS,3,2362.25,60,6
702,10949,1998-03-13 00:00:00,1998-03-17,1,sql,BOTTM,2,4422.0,11,2
703,10950,1998-03-16 00:00:00,1998-03-23,1,sql,MAGAA,1,110.0,80,14
704,10951,1998-03-16 00:00:00,1998-04-07,1,sql,RICSU,9,482.9,98,4
705,10952,1998-03-16 00:00:00,1998-03-24,1,sql,ALFKI,1,491.2,1,14
706,10953,1998-03-16 00:00:00,1998-03-25,1,sql,AROUT,9,4675.0,4,4
707,10954,1998-03-17 00:00:00,1998-03-20,1,sql,LINOD,5,1902.1,77,18
708,10955,1998-03-17 00:00:00,1998-03-20,1,sql,FOLKO,8,93.0,54,8
709,10956,1998-03-17 00:00:00,1998-03-20,1,sql,BLAUS,6,677.0,8,12
710,10957,1998-03-18 00:00:00,1998-03-27,1,sql,HILAA,8,1762.7,65,8
711,10958,1998-03-18 00:00:00,1998-03-27,1,sql,OCEAN,7,781.0,84,16
712,10959,1998-03-18 00:00:00,1998-03-23,1,sql,GOURL,6,155.0,61,12
713,10960,1998-03-19 00:00:00,1998-04-08,1,sql,HILAA,3,276.6,65,6
714,10961,1998-03-19 00:00:00,1998-03-30,1,sql,QUEEN,8,1122.0,92,8
715,10962,1998-03-19 00:00:00,1998-03-23,1,sql,QUICK,8,3584.0,93,8
716,10963,1998-03-19 00:00:00,1998-03-26,1,sql,FURIB,9,68.0,58,4
717,10964,1998-03-20 00:00:00,1998-03-24,1,sql,SPECD,3,2052.5,104,6
718,10965,1998-03-20 00:00:00,1998-03-30,1,sql,OLDWO,6,848.0,85,12
719,10966,1998-03-20 00:00:00,1998-04-08,1,sql,CHOPS,4,1255.6,14,10
720,10967,1998-03-23 00:00:00,1998-04-02,1,sql,TOMSP,2,910.4,109,2
721,10968,1998-03-23 00:00:00,1998-04-01,1,sql,ERNSH,1,1408.0,50,14
722,10969,1998-03-23 00:00:00,1998-03-30,1,sql,COMMI,1,108.0,15,14
723,10970,1998-03-24 00:00:00,1998-04-24,1,sql,BOLID,9,280.0,6,4
724,10971,1998-03-24 00:00:00,1998-04-02,1,sql,FRANR,2,1733.0600000000002,55,2
725,10972,1998-03-24 00:00:00,1998-03-26,1,sql,LACOR,4,251.5,70,10
726,10973,1998-03-24 00:00:00,1998-03-27,1,sql,LACOR,6,291.55,70,12
727,10974,1998-03-25 00:00:00,1998-04-03,1,sql,SPLIR,3,439.0,105,6
728,10975,1998-03-25 00:00:00,1998-03-27,1,sql,BOTTM,1,717.5,11,14
729,10976,1998-03-25 00:00:00,1998-04-03,1,sql,HILAA,1,912.0,65,14
730,10977,1998-03-26 00:00:00,1998-04-10,1,sql,FOLKO,8,2233.0,54,8
731,10978,1998-03-26 00:00:00,1998-04-23,1,sql,MAISD,9,1500.7,81,4
732,10979,1998-03-26 00:00:00,1998-03-31,1,sql,ERNSH,8,4813.5,50,8
733,10980,1998-03-27 00:00:00,1998-04-17,1,sql,FOLKO,4,310.0,54,10
734,10981,1998-03-27 00:00:00,1998-04-02,1,sql,HANAR,1,15810.0,64,14
735,10982,1998-03-27 00:00:00,1998-04-08,1,sql,BOTTM,2,1014.0,11,2
736,10983,1998-03-27 00:00:00,1998-04-06,1,sql,SAVEA,2,796.5,101,2
737,10984,1998-03-30 00:00:00,1998-04-03,1,sql,SAVEA,1,1809.75,101,14
738,10985,1998-03-30 00:00:00,1998-04-02,1,sql,HUNGO,2,2248.2,67,2
739,10986,1998-03-30 00:00:00,1998-04-21,1,sql,OCEAN,8,2220.0,84,8
740,10987,1998-03-31 00:00:00,1998-04-06,1,sql,EASTC,8,2772.0,49,8
741,10988,1998-03-31 00:00:00,1998-04-10,1,sql,RATTC,3,3772.0,95,6
742,10989,1998-03-31 00:00:00,1998-04-02,1,sql,QUEDE,2,1353.6,91,2
743,10990,1998-04-01 00:00:00,1998-04-07,1,sql,ERNSH,2,4931.0,50,2
744,10991,1998-04-01 00:00:00,1998-04-07,1,sql,QUICK,1,2870.0,93,14
745,10992,1998-04-01 00:00:00,1998-04-03,1,sql,THEBI,1,69.6,107,14
746,10993,1998-04-01 00:00:00,1998-04-10,1,sql,FOLKO,7,6527.25,54,16
747,10994,1998-04-02 00:00:00,1998-04-09,1,sql,VAFFE,2,990.0,113,2
748,10995,1998-04-02 00:00:00,1998-04-06,1,sql,PERIC,1,1196.0,88,14
749,10996,1998-04-02 00:00:00,1998-04-10,1,sql,QUICK,4,560.0,93,10
750,10997,1998-04-03 00:00:00,1998-04-13,1,sql,LILAS,8,1980.0,76,8
751,10998,1998-04-03 00:00:00,1998-04-17,1,sql,WOLZA,8,686.0,120,8
752,10999,1998-04-03 00:00:00,1998-04-10,1,sql,OTTIK,6,1261.0,86,12
753,11000,1998-04-06 00:00:00,1998-04-14,1,sql,RATTC,2,1075.0,95,2
754,11001,1998-04-06 00:00:00,1998-04-14,1,sql,FOLKO,2,2769.0,54,2
755,11002,1998-04-06 00:00:00,1998-04-16,1,sql,SAVEA,4,1902.0,101,10
756,11003,1998-04-06 00:00:00,1998-04-08,1,sql,THECR,3,326.0,108,6
757,11004,1998-04-07 00:00:00,1998-04-20,1,sql,MAISD,3,295.38,81,6
758,11005,1998-04-07 00:00:00,1998-04-10,1,sql,WILMK,2,586.0,119,2
759,11006,1998-04-07 00:00:00,1998-04-15,1,sql,GREAL,3,391.58000000000004,62,6
760,11007,1998-04-08 00:00:00,1998-04-13,1,sql,PRINI,8,2633.9,90,8
761,11008,1998-04-08 00:00:00,,0,sql,ERNSH,7,4903.5,50,16
762,11009,1998-04-08 00:00:00,1998-04-10,1,sql,GODOS,2,702.0,60,2
763,11010,1998-04-09 00:00:00,1998-04-21,1,sql,REGGC,2,645.0,96,2
764,11011,1998-04-09 00:00:00,1998-04-13,1,sql,ALFKI,3,960.0,1,6
765,11012,1998-04-09 00:00:00,1998-04-17,1,sql,FRANK,1,2974.0,57,14
766,11013,1998-04-09 00:00:00,1998-04-10,1,sql,ROMEY,2,361.0,99,2
767,11014,1998-04-10 00:00:00,1998-04-15,1,sql,LINOD,2,270.2,77,2
768,11015,1998-04-10 00:00:00,1998-04-20,1,sql,SANTG,2,622.35,100,2
769,11016,1998-04-10 00:00:00,1998-04-13,1,sql,AROUT,9,491.5,4,4
770,11017,1998-04-13 00:00:00,1998-04-20,1,sql,ERNSH,9,6750.0,50,4
771,11018,1998-04-13 00:00:00,1998-04-16,1,sql,LONEP,4,1575.0,78,10
772,11019,1998-04-13 00:00:00,,0,sql,RANCH,6,76.0,94,12
773,11020,1998-04-14 00:00:00,1998-04-16,1,sql,OTTIK,2,744.0,86,2
774,11021,1998-04-14 00:00:00,1998-04-21,1,sql,QUICK,3,6941.49,93,6
775,11022,1998-04-14 00:00:00,1998-05-04,1,sql,HANAR,9,1402.0,64,4
776,11023,1998-04-14 00:00:00,1998-04-24,1,sql,BSBEV,1,1500.0,5,14
777,11024,1998-04-15 00:00:00,1998-04-20,1,sql,EASTC,4,1966.81,49,10
778,11025,1998-04-15 00:00:00,1998-04-24,1,sql,WARTH,6,300.0,116,12
779,11026,1998-04-15 00:00:00,1998-04-28,1,sql,FRANS,4,1030.0,56,10
780,11027,1998-04-16 00:00:00,1998-04-20,1,sql,BOTTM,1,1170.3,11,14
781,11028,1998-04-16 00:00:00,1998-04-22,1,sql,KOENE,2,2160.0,69,2
782,11029,1998-04-16 00:00:00,1998-04-27,1,sql,CHOPS,4,1286.8,14,10
783,11030,1998-04-17 00:00:00,1998-04-27,1,sql,SAVEA,7,16321.900000000001,101,16
784,11031,1998-04-17 00:00:00,1998-04-24,1,sql,SAVEA,6,2393.5,101,12
785,11032,1998-04-17 00:00:00,1998-04-23,1,sql,WHITC,2,8902.5,118,2
786,11033,1998-04-17 00:00:00,1998-04-23,1,sql,RICSU,7,3592.0,98,16
787,11034,1998-04-20 00:00:00,1998-04-27,1,sql,OLDWO,8,554.4,85,8
788,11035,1998-04-20 00:00:00,1998-04-24,1,sql,SUPRD,2,1754.5,106,2
789,11036,1998-04-20 00:00:00,1998-04-22,1,sql,DRACD,8,1692.0,47,8
790,11037,1998-04-21 00:00:00,1998-04-27,1,sql,GODOS,7,60.0,60,16
791,11038,1998-04-21 00:00:00,1998-04-30,1,sql,SUPRD,1,751.0,106,14
792,11039,1998-04-21 00:00:00,,0,sql,LINOD,1,3090.0,77,14
793,11040,1998-04-22 00:00:00,,0,sql,GREAL,4,200.0,62,10
794,11041,1998-04-22 00:00:00,1998-04-28,1,sql,CHOPS,3,1887.0,14,6
795,11042,1998-04-22 00:00:00,1998-05-01,1,sql,COMMI,2,405.75,15,2
796,11043,1998-04-22 00:00:00,1998-04-29,1,sql,SPECD,5,210.0,104,18
797,11044,1998-04-23 00:00:00,1998-05-01,1,sql,WOLZA,4,591.5999999999999,120,10
798,11045,1998-04-23 00:00:00,,0,sql,BOTTM,6,1309.5,11,12
799,11046,1998-04-23 00:00:00,1998-04-24,1,sql,WANDK,8,1564.0,46,8
800,11047,1998-04-24 00:00:00,1998-05-01,1,sql,EASTC,7,1090.5,49,16
801,11048,1998-04-24 00:00:00,1998-04-30,1,sql,BOTTM,7,525.0,11,16
802,11049,1998-04-24 00:00:00,1998-05-04,1,sql,GOURL,3,342.0,61,6
803,11050,1998-04-27 00:00:00,1998-05-05,1,sql,FOLKO,8,900.0,54,8
804,11051,1998-04-27 00:00:00,,0,sql,LAMAI,7,45.0,71,16
805,11052,1998-04-27 00:00:00,1998-05-01,1,sql,HANAR,3,1665.0,64,6
806,11053,1998-04-27 00:00:00,1998-04-29,1,sql,PICCO,2,3658.75,89,2
807,11054,1998-04-28 00:00:00,,0,sql,CACTU,8,305.0,12,8
808,11055,1998-04-28 00:00:00,1998-05-05,1,sql,HILAA,7,1727.5,65,16
809,11056,1998-04-28 00:00:00,1998-05-01,1,sql,EASTC,8,3740.0,49,8
810,11057,1998-04-29 00:00:00,1998-05-01,1,sql,NORTS,3,45.0,83,6
811,11058,1998-04-29 00:00:00,,0,sql,BLAUS,9,858.0,8,4
812,11059,1998-04-29 00:00:00,,0,sql,RICAR,2,1838.0,97,2
813,11060,1998-04-30 00:00:00,1998-05-04,1,sql,FRANS,2,266.0,56,2
814,11061,1998-04-30 00:00:00,,0,sql,GREAL,4,510.0,62,10
815,11062,1998-04-30 00:00:00,,0,sql,REGGC,4,508.0,96,10
816,11063,1998-04-30 00:00:00,1998-05-06,1,sql,HUNGO,3,1445.5,67,6
817,11064,1998-05-01 00:00:00,1998-05-04,1,sql,SAVEA,1,4722.3,101,14
818,11065,1998-05-01 00:00:00,,0,sql,LILAS,8,252.56,76,8
819,11066,1998-05-01 00:00:00,1998-05-04,1,sql,WHITC,7,928.75,118,16
820,11067,1998-05-04 00:00:00,1998-05-06,1,sql,DRACD,1,86.85000000000001,47,14
821,11068,1998-05-04 00:00:00,,0,sql,QUEEN,8,2384.8,92,8
822,11069,1998-05-04 00:00:00,1998-05-06,1,sql,TORTU,1,360.0,110,14
823,11070,1998-05-05 00:00:00,,0,sql,LEHMS,2,1873.5,74,2
824,11071,1998-05-05 00:00:00,,0,sql,LILAS,1,510.0,76,14
825,11072,1998-05-05 00:00:00,,0,sql,ERNSH,4,5218.0,50,10
826,11073,1998-05-05 00:00:00,,0,sql,PERIC,2,300.0,88,2
827,11074,1998-05-06 00:00:00,,0,sql,SIMOB,7,244.29999999999998,103,16
828,11075,1998-05-06 00:00:00,,0,sql,RICSU,8,586.0,98,8
829,11076,1998-05-06 00:00:00,,0,sql,BONAP,4,1057.0,10,10
830,11077,1998-05-06 00:00:00,,0,sql,RATTC,1,1374.6,95,14
831,30,2006-01-15 00:00:00,2006-01-22,1,access,27,9,1505.0,17,4
832,31,2006-01-20 00:00:00,2006-01-22,1,access,4,3,865.0,22,6
833,32,2006-01-22 00:00:00,2006-01-22,1,access,12,4,1190.0,30,10
834,33,2006-01-30 00:00:00,2006-01-31,1,access,8,6,276.0,26,12
835,34,2006-02-06 00:00:00,2006-02-07,1,access,4,9,184.0,22,4
836,35,2006-02-10 00:00:00,2006-02-12,1,access,29,3,127.5,21,6
837,36,2006-02-23 00:00:00,2006-02-25,1,access,3,4,1930.0,20,10
838,37,2006-03-06 00:00:00,2006-03-09,1,access,6,8,680.0,24,8
839,38,2006-03-10 00:00:00,2006-03-11,1,access,28,9,13800.0,19,4
840,39,2006-03-22 00:00:00,2006-03-24,1,access,8,3,1275.0,26,6
841,40,2006-03-24 00:00:00,2006-03-24,1,access,10,4,598.0,28,10
842,41,2006-03-24 00:00:00,,0,access,7,1,13800.0,25,14
843,42,2006-03-24 00:00:00,2006-04-07,1,access,10,1,562.0,28,14
844,43,2006-03-24 00:00:00,,0,access,11,1,219.5,29,14
845,44,2006-03-24 00:00:00,,0,access,1,1,1674.75,16,14
846,45,2006-04-07 00:00:00,2006-04-07,1,access,28,1,1402.5,19,14
847,46,2006-04-05 00:00:00,2006-04-05,1,access,9,7,3690.0,27,16
848,47,2006-04-08 00:00:00,2006-04-08,1,access,6,6,4200.0,24,12
849,48,2006-04-05 00:00:00,2006-04-05,1,access,8,4,1230.0,26,10
850,50,2006-04-05 00:00:00,2006-04-05,1,access,25,9,200.0,43,4
851,51,2006-04-05 00:00:00,2006-04-05,1,access,26,9,1375.25,44,4
852,55,2006-04-05 00:00:00,2006-04-05,1,access,29,1,1218.0,21,14
853,56,2006-04-03 00:00:00,2006-04-03,1,access,6,2,127.5,24,2
854,57,2006-04-22 00:00:00,2006-04-22,1,access,27,9,0.0,17,4
855,58,2006-04-22 00:00:00,2006-04-22,1,access,4,3,3520.0,22,6
856,59,2006-04-22 00:00:00,2006-04-22,1,access,12,4,0.0,30,10
857,60,2006-04-30 00:00:00,2006-04-30,1,access,8,6,1392.0,26,12
858,61,2006-04-07 00:00:00,2006-04-07,1,access,4,9,0.0,22,4
859,62,2006-04-12 00:00:00,2006-04-12,1,access,29,3,0.0,21,6
860,63,2006-04-25 00:00:00,2006-04-25,1,access,3,4,620.0,20,10
861,64,2006-05-09 00:00:00,2006-05-09,1,access,6,8,0.0,24,8
862,65,2006-05-11 00:00:00,2006-05-11,1,access,28,9,0.0,19,4
863,66,2006-05-24 00:00:00,2006-05-24,1,access,8,3,0.0,26,6
864,67,2006-05-24 00:00:00,2006-05-24,1,access,10,4,200.0,28,10
865,68,2006-05-24 00:00:00,,0,access,7,1,0.0,25,14
866,69,2006-05-24 00:00:00,,0,access,10,1,52.5,28,14
867,70,2006-05-24 00:00:00,,0,access,11,1,800.0,29,14
868,71,2006-05-24 00:00:00,,0,access,1,1,736.0,16,14
869,72,2006-06-07 00:00:00,2006-06-07,1,access,28,1,230.0,19,14
870,73,2006-06-05 00:00:00,2006-06-05,1,access,9,7,96.5,27,16
871,74,2006-06-08 00:00:00,2006-06-08,1,access,6,6,510.0,24,12
872,75,2006-06-05 00:00:00,2006-06-05,1,access,8,4,510.0,26,10
873,76,2006-06-05 00:00:00,2006-06-05,1,access,25,9,660.0,43,4
874,77,2006-06-05 00:00:00,2006-06-05,1,access,26,9,2250.0,44,4
875,78,2006-06-05 00:00:00,2006-06-05,1,access,29,1,1560.0,21,14
876,79,2006-06-23 00:00:00,2006-06-23,1,access,6,2,2490.0,24,2
877,80,2006-04-25 17:03:55,,0,access,4,2,380.0,22,2
878,81,2006-04-25 17:26:53,,0,access,3,2,0.0,20,2
